2019-01-03,,인천남촌,㈜대인농산,버섯류,팽이버섯,팽이1호,전라남도 나주시,5kg 상자,10,"11,000"
2019-01-03,,인천남촌,㈜대인농산,버섯류,팽이버섯,팽이1호,전라남도 나주시,5kg 상자,10,"11,000"
2019-01-03,,인천남촌,㈜대인농산,버섯류,팽이버섯,팽이1호,전라남도 나주시,5kg 상자,10,"10,000"
2019-01-03,,인천남촌,㈜대인농산,버섯류,새송이,새송이버섯(일반),전라남도 나주시,2kg 상자,35,"7,800"
2019-01-03,,인천남촌,㈜대인농산,버섯류,새송이,새송이버섯(일반),전라남도 나주시,2kg 상자,35,"7,900"
2019-01-03,,인천남촌,㈜대인농산,버섯류,새송이,새송이버섯(일반),전라남도 나주시,2kg 상자,10,"7,500"
2019-01-03,,인천남촌,㈜대인농산,버섯류,새송이,새송이버섯(일반),전라남도 나주시,2kg 상자,60,"3,000"
2019-01-03,,인천남촌,㈜대인농산,조미채소류,홍고추,홍고추(일반),충청북도 충주시,4kg 상자,11,"11,000"
2019-01-03,,인천남촌,㈜대인농산,엽경채류,깻잎,깻잎순,충청남도 논산시,4kg 상자,1,"20,000"
2019-01-03,,인천남촌,㈜대인농산,과실류,사과,로얄부사,충청북도 청주시,10kg 상자,12,"20,000"
2019-01-04,,인천남촌,㈜대인농산,과실류,곶감,감말랭이,경상북도 김천시,400g 상자,90,"2,000"
2019-01-04,,인천남촌,㈜대인농산,과실류,곶감,감말랭이,경상북도 김천시,400g 상자,60,"2,000"
2019-01-04,,인천남촌,㈜대인농산,엽경채류,시금치,섬초,-,8kg 상자,30,"13,500"
2019-01-04,,인천남촌,㈜대인농산,엽경채류,시금치,섬초,-,8kg 상자,13,"9,000"
2019-01-04,,인천남촌,㈜대인농산,과실류,감귤,기타감귤,제주도 서귀포시,10kg 상자,41,"8,500"
2019-01-04,,인천남촌,㈜대인농산,과실류,감귤,기타감귤,제주도 서귀포시,10kg 상자,44,"12,500"
2019-01-04,,인천남촌,㈜대인농산,과실류,감귤,기타감귤,제주도 서귀포시,10kg 상자,32,"16,000"
2019-01-04,,인천남촌,㈜대인농산,양채류,셀러리(양미나리),셀러리(일반),-,10kg 상자,3,"13,000"
2019-01-04,,인천남촌,㈜대인농산,엽경채류,미나리,미나리(일반),-,15kg PP대,4,"70,000"
2019-01-04,,인천남촌,㈜대인농산,엽경채류,미나리,돌미나리,-,4kg 상자,3,"25,000"
2019-01-05,,인천남촌,㈜대인농산,조미채소류,꽈리고추,꽈리고추(일반),서울특별시 서울 강서구,4kg 상자,38,"14,500"
2019-01-05,,인천남촌,㈜대인농산,엽경채류,냉이,일반냉이,충청남도 홍성군,4kg 비닐봉지,10,"17,000"
2019-01-05,,인천남촌,㈜대인농산,과채류,호박,쥬키니호박,경상남도 진주시,10kg 상자,4,"8,000"
2019-01-05,,인천남촌,㈜대인농산,과채류,호박,쥬키니호박,경상남도 진주시,10kg 상자,4,"8,000"
2019-01-05,,인천남촌,㈜대인농산,과채류,호박,쥬키니호박,경상남도 진주시,10kg 상자,4,"8,000"
2019-01-05,,인천남촌,㈜대인농산,과채류,호박,쥬키니호박,경상남도 진주시,10kg 상자,4,"8,000"
2019-01-05,,인천남촌,㈜대인농산,양채류,피망(단고추),피망(일반),경상남도 진주시,10kg 상자,9,"41,000"
2019-01-05,,인천남촌,㈜대인농산,과실류,감귤,기타감귤,제주도 서귀포시,5kg 상자,15,"4,500"
2019-01-05,,인천남촌,㈜대인농산,과실류,감귤,기타감귤,제주도 서귀포시,5kg 상자,50,"6,500"
2019-01-05,,인천남촌,㈜대인농산,과실류,감귤,기타감귤,제주도 서귀포시,5kg 상자,49,"6,500"
2019-01-06,경매가 아직 이루어지지 않았거나 데이터 미전송 상태입니다.,,,,,,,,,
2019-01-07,,인천남촌,㈜대인농산,엽경채류,상추,포기찹,충청남도 논산시,4kg 상자,2,"6,000"
2019-01-07,,인천남촌,㈜대인농산,조미채소류,겨자,겨자(일반),-,2kg 상자,1,"3,000"
2019-01-07,,인천남촌,㈜대인농산,엽경채류,얼갈이배추,얼갈이배추,-,4kg 상자,20,"4,000"
2019-01-07,,인천남촌,㈜대인농산,엽경채류,상추,청상추,충청남도 논산시,4kg 상자,25,"6,500"
2019-01-07,,인천남촌,㈜대인농산,엽경채류,근대,근대(일반),인천광역시 연수구,4kg 상자,26,"2,300"
2019-01-07,,인천남촌,㈜대인농산,엽경채류,근대,근대(일반),인천광역시 연수구,4kg 상자,30,"4,000"
2019-01-07,,인천남촌,㈜대인농산,과실류,감귤,기타감귤,제주도 서귀포시,7.5kg 상자,25,"6,500"
2019-01-07,,인천남촌,㈜대인농산,과일과채류,토마토,토마토(일반),전라남도 광양시,5kg 상자,42,"13,000"
2019-01-07,,인천남촌,㈜대인농산,과일과채류,토마토,토마토(일반),전라남도 광양시,10kg 상자,2,"12,000"
2019-01-07,,인천남촌,㈜대인농산,과일과채류,방울토마토,대추방울,전라남도 광양시,5kg 상자,13,"13,000"
2019-01-08,,인천남촌,㈜대인농산,조미채소류,마늘,깐마늘,충청남도 서천군,10kg 상자,3,"63,500"
2019-01-08,,인천남촌,㈜대인농산,과실류,단감,기타단감,경상남도 밀양시,10kg 상자,10,"25,500"
2019-01-08,,인천남촌,㈜대인농산,과실류,감귤,기타감귤,제주도 제주시,5kg 상자,7,"7,500"
2019-01-08,,인천남촌,㈜대인농산,과실류,만감,한라봉,제주도 제주시,3kg 상자,1,"8,500"
2019-01-08,,인천남촌,㈜대인농산,엽경채류,깻잎,깻잎(일반),충청남도 공주시,2kg 상자,5,"16,000"
2019-01-08,,인천남촌,㈜대인농산,서류,감자,기타감자,경기도 화성시,20kg 상자,15,"41,000"
2019-01-08,,인천남촌,㈜대인농산,서류,감자,기타감자,경기도 화성시,20kg 상자,20,"41,000"
2019-01-08,,인천남촌,㈜대인농산,엽경채류,배추,월동배추,전라남도 해남군,10kg 그물망,199,"2,200"
2019-01-08,,인천남촌,㈜대인농산,과실류,감귤,기타감귤,충청남도 공주시,5kg 상자,22,"4,000"
2019-01-08,,인천남촌,㈜대인농산,과실류,감귤,기타감귤,충청남도 공주시,5kg 상자,39,"6,500"
2019-01-09,경매가 아직 이루어지지 않았거나 데이터 미전송 상태입니다.,,,,,,,,,
2019-01-10,,인천남촌,㈜대인농산,과일과채류,딸기,설향,경상남도 하동군,1kg PP대,12,"7,500"
2019-01-10,,인천남촌,㈜대인농산,조미채소류,대파,대파(일반),인천광역시 남동구,2kg 단,100,"3,000"
2019-01-10,,인천남촌,㈜대인농산,조미채소류,대파,대파(일반),인천광역시 남동구,2kg 단,50,"3,000"
2019-01-10,,인천남촌,㈜대인농산,조미채소류,대파,대파(일반),인천광역시 남동구,2kg 단,28,"3,000"
2019-01-10,,인천남촌,㈜대인농산,조미채소류,대파,대파(일반),인천광역시 남동구,2kg 단,270,"2,400"
2019-01-10,,인천남촌,㈜대인농산,조미채소류,대파,대파(일반),인천광역시 남동구,2kg 단,252,"2,400"
2019-01-10,,인천남촌,㈜대인농산,농림가공,전분 및 사료제조,도토리묵,수입산,4kg 상자,4,"5,500"
2019-01-10,,인천남촌,㈜대인농산,과채류,호박,애호박,서울특별시 서울 강서구,8kg 상자,23,"16,000"
2019-01-10,,인천남촌,㈜대인농산,과채류,호박,애호박,서울특별시 서울 강서구,8kg 상자,1,"12,000"
2019-01-10,,인천남촌,㈜대인농산,과채류,호박,애호박,서울특별시 서울 강서구,8kg 상자,1,"2,000"
2019-01-11,,인천남촌,㈜대인농산,농림가공,곡물제조,두부,수입산,12kg 상자,3,"11,000"
2019-01-11,,인천남촌,㈜대인농산,과실류,감귤,기타감귤,제주도 서귀포시,10kg 상자,42,"9,000"
2019-01-11,,인천남촌,㈜대인농산,과실류,감귤,기타감귤,제주도 서귀포시,10kg 상자,30,"15,000"
2019-01-11,,인천남촌,㈜대인농산,과실류,감귤,기타감귤,제주도 서귀포시,10kg 상자,19,"16,500"
2019-01-11,,인천남촌,㈜대인농산,엽경채류,시금치,섬초,-,10kg 상자,20,"8,500"
2019-01-11,,인천남촌,㈜대인농산,엽경채류,부추,영양부추,-,.5kg 단,20,"2,500"
2019-01-11,,인천남촌,㈜대인농산,양채류,케일,쌈케일,-,1kg 상자,2,"5,000"
2019-01-11,,인천남촌,㈜대인농산,조미채소류,겨자,적겨자,-,2kg 상자,3,"5,000"
2019-01-11,,인천남촌,㈜대인농산,과실류,레몬,레몬(일반),수입산,17kg 상자,1,"65,000"
2019-01-11,,인천남촌,㈜대인농산,서류,고구마,기타,-,10kg 상자,3,"30,000"
2019-01-12,,인천남촌,㈜대인농산,근채류,연근,기타연근,인천광역시 남동구,15kg 상자,10,"35,000"
2019-01-12,,인천남촌,㈜대인농산,산채류,마,생장마,인천광역시 남동구,10kg 상자,5,"60,000"
2019-01-12,,인천남촌,㈜대인농산,산채류,마,생장마,인천광역시 남동구,10kg 상자,5,"30,000"
2019-01-12,,인천남촌,㈜대인농산,조미채소류,마늘,깐마늘,충청남도 서천군,10kg 상자,5,"55,000"
2019-01-12,,인천남촌,㈜대인농산,엽경채류,배추,월동배추,강원도 평창군,10kg 그물망,800,"4,000"
2019-01-12,,인천남촌,㈜대인농산,엽경채류,배추,월동배추,강원도 평창군,10kg 그물망,200,"2,400"
2019-01-12,,인천남촌,㈜대인농산,엽경채류,시금치,시금치(일반),충청남도 부여군,4kg 상자,30,"5,300"
2019-01-12,,인천남촌,㈜대인농산,조미채소류,쪽파,깐쪽파,제주도 서귀포시,1kg 단,40,"2,200"
2019-01-12,,인천남촌,㈜대인농산,조미채소류,쪽파,깐쪽파,제주도 서귀포시,1kg 단,9,"2,200"
2019-01-12,,인천남촌,㈜대인농산,특용작물류,유채,식용,충청남도 공주시,10kg 상자,14,"3,000"
2019-01-13,경매가 아직 이루어지지 않았거나 데이터 미전송 상태입니다.,,,,,,,,,
2019-01-14,,인천남촌,㈜대인농산,과실류,만감,한라봉,제주도 서귀포시,10kg 상자,2,"34,000"
2019-01-14,,인천남촌,㈜대인농산,과실류,만감,한라봉,제주도 서귀포시,10kg 상자,5,"32,000"
2019-01-14,,인천남촌,㈜대인농산,과실류,만감,한라봉,제주도 서귀포시,10kg 상자,10,"33,000"
2019-01-14,,인천남촌,㈜대인농산,과실류,만감,한라봉,제주도 서귀포시,10kg 상자,7,"32,000"
2019-01-14,,인천남촌,㈜대인농산,과실류,만감,한라봉,제주도 서귀포시,10kg 상자,4,"32,000"
2019-01-14,,인천남촌,㈜대인농산,과실류,만감,한라봉,제주도 서귀포시,10kg 상자,4,"30,000"
2019-01-14,,인천남촌,㈜대인농산,과실류,만감,한라봉,제주도 서귀포시,3kg 상자,10,"12,000"
2019-01-14,,인천남촌,㈜대인농산,과실류,만감,한라봉,제주도 서귀포시,3kg 상자,21,"13,000"
2019-01-14,,인천남촌,㈜대인농산,과실류,만감,한라봉,제주도 서귀포시,3kg 상자,37,"13,000"
2019-01-14,,인천남촌,㈜대인농산,서류,감자,기타감자,충청남도 부여군,10kg 상자,10,"17,000"
2019-01-15,,인천남촌,㈜대인농산,과실류,사과,후지,충청북도 청주시,10kg 상자,6,"14,000"
2019-01-15,,인천남촌,㈜대인농산,버섯류,느타리버섯,애느타리,경기도 화성시,2kg 상자,20,"3,200"
2019-01-15,,인천남촌,㈜대인농산,버섯류,느타리버섯,애느타리,경기도 화성시,2kg 상자,20,"3,200"
2019-01-15,,인천남촌,㈜대인농산,버섯류,느타리버섯,애느타리,경기도 화성시,2kg 상자,20,"3,200"
2019-01-15,,인천남촌,㈜대인농산,엽경채류,깻잎,깻잎(일반),충청남도 논산시,2kg 상자,15,"12,000"
2019-01-15,,인천남촌,㈜대인농산,과일과채류,딸기,설향,경상남도 하동군,2kg 상자,3,"6,500"
2019-01-15,,인천남촌,㈜대인농산,수실류,밤,옥광,충청남도 공주시,1kg 상자,120,"4,800"
2019-01-15,,인천남촌,㈜대인농산,과실류,감귤,기타감귤,제주도 서귀포시,5kg 상자,15,"3,000"
2019-01-15,,인천남촌,㈜대인농산,버섯류,느타리버섯,애느타리,경기도 화성시,2kg 상자,35,"5,500"
2019-01-15,,인천남촌,㈜대인농산,버섯류,느타리버섯,애느타리,경기도 화성시,2kg 상자,20,"5,500"
2019-01-16,,인천남촌,㈜대인농산,산채류,새싹,기타새싹,-,500g 개,12,"4,500"
2019-01-16,,인천남촌,㈜대인농산,버섯류,표고버섯,표고버섯(일반),충청남도 서천군,15kg 상자,1,"99,380"
2019-01-16,,인천남촌,㈜대인농산,버섯류,표고버섯,표고버섯(일반),충청남도 서천군,15kg 상자,1,"75,000"
2019-01-16,,인천남촌,㈜대인농산,과일과채류,딸기,설향,경상남도 밀양시,1kg PP대,62,"8,500"
2019-01-16,,인천남촌,㈜대인농산,과일과채류,딸기,설향,경상남도 밀양시,1kg PP대,36,"8,500"
2019-01-16,,인천남촌,㈜대인농산,과일과채류,딸기,설향,경상남도 밀양시,1kg PP대,20,"7,500"
2019-01-16,,인천남촌,㈜대인농산,과일과채류,딸기,설향,경상남도 밀양시,1kg PP대,4,"4,000"
2019-01-16,,인천남촌,㈜대인농산,과일과채류,딸기,설향,경상남도 밀양시,1kg PP대,2,"3,000"
2019-01-16,,인천남촌,㈜대인농산,과일과채류,딸기,설향,경상남도 밀양시,1kg PP대,2,"4,500"
2019-01-16,,인천남촌,㈜대인농산,과일과채류,딸기,설향,경상남도 밀양시,1kg PP대,48,"8,000"
2019-01-17,,인천남촌,㈜대인농산,과채류,호박,애호박,충청북도 음성군,8kg 상자,4,"19,000"
2019-01-17,,인천남촌,㈜대인농산,과채류,호박,애호박,충청북도 음성군,8kg 상자,8,"16,000"
2019-01-17,,인천남촌,㈜대인농산,과채류,호박,애호박,충청북도 음성군,8kg 상자,1,"9,000"
2019-01-17,,인천남촌,㈜대인농산,과실류,사과,미시마,경상북도 영주시,10kg 상자,80,"15,500"
2019-01-17,,인천남촌,㈜대인농산,과실류,사과,미시마,경상북도 영주시,10kg 상자,3,"10,000"
2019-01-17,,인천남촌,㈜대인농산,과실류,사과,미시마,경상북도 영주시,10kg 상자,3,"7,000"
2019-01-17,,인천남촌,㈜대인농산,과실류,감귤,기타감귤,제주도 서귀포시,5kg 상자,60,"8,500"
2019-01-17,,인천남촌,㈜대인농산,과실류,감귤,기타감귤,제주도 서귀포시,5kg 상자,5,"3,500"
2019-01-17,,인천남촌,㈜대인농산,과실류,감귤,기타감귤,제주도 서귀포시,5kg 상자,5,"4,000"
2019-01-17,,인천남촌,㈜대인농산,과실류,감귤,기타감귤,제주도 서귀포시,5kg 상자,3,"4,000"
2019-01-18,,인천남촌,㈜대인농산,과일과채류,토마토,토마토(일반),전라남도 광양시,10kg 상자,4,"16,000"
2019-01-18,,인천남촌,㈜대인농산,과채류,오이,취청,전라남도 광양시,10kg 상자,7,"22,000"
2019-01-18,,인천남촌,㈜대인농산,과채류,오이,취청,전라남도 광양시,10kg 상자,1,"18,500"
2019-01-18,,인천남촌,㈜대인농산,과채류,오이,취청,전라남도 광양시,10kg 상자,11,"23,000"
2019-01-18,,인천남촌,㈜대인농산,과채류,오이,취청,전라남도 광양시,10kg 상자,2,"20,000"
2019-01-18,,인천남촌,㈜대인농산,과채류,오이,취청,전라남도 광양시,10kg 상자,7,"23,000"
2019-01-18,,인천남촌,㈜대인농산,과채류,오이,취청,전라남도 광양시,10kg 상자,4,"21,000"
2019-01-18,,인천남촌,㈜대인농산,과채류,오이,취청,전라남도 광양시,10kg 상자,10,"23,000"
2019-01-18,,인천남촌,㈜대인농산,과채류,오이,취청,전라남도 광양시,10kg 상자,10,"22,000"
2019-01-18,,인천남촌,㈜대인농산,과채류,오이,취청,전라남도 광양시,10kg 상자,4,"19,000"
2019-01-19,,인천남촌,㈜대인농산,조미채소류,풋고추,청양,경상남도 밀양시,10kg 상자,8,"66,000"
2019-01-19,,인천남촌,㈜대인농산,조미채소류,풋고추,청양,경상남도 밀양시,10kg 상자,1,"40,000"
2019-01-19,,인천남촌,㈜대인농산,과일과채류,딸기,설향,경상남도 밀양시,1kg PP대,24,"8,500"
2019-01-19,,인천남촌,㈜대인농산,과일과채류,딸기,설향,경상남도 밀양시,1kg PP대,6,"6,500"
2019-01-19,,인천남촌,㈜대인농산,과일과채류,딸기,설향,경상남도 밀양시,1kg PP대,67,"8,000"
2019-01-19,,인천남촌,㈜대인농산,과일과채류,딸기,설향,경상남도 밀양시,1kg PP대,13,"6,000"
2019-01-19,,인천남촌,㈜대인농산,엽경채류,상추,포기찹,충청남도 논산시,4kg 상자,20,"7,000"
2019-01-19,,인천남촌,㈜대인농산,엽경채류,상추,포기찹,충청남도 논산시,4kg 상자,6,"8,000"
2019-01-19,,인천남촌,㈜대인농산,엽경채류,상추,포기찹,충청남도 논산시,4kg 상자,10,"6,500"
2019-01-19,,인천남촌,㈜대인농산,엽경채류,상추,포기찹,충청남도 논산시,4kg 상자,8,"7,600"
2019-01-20,경매가 아직 이루어지지 않았거나 데이터 미전송 상태입니다.,,,,,,,,,
2019-01-21,,인천남촌,㈜대인농산,조미채소류,생강,깐생강,인천광역시 남동구,20kg PE대,1,"180,000"
2019-01-21,,인천남촌,㈜대인농산,조미채소류,생강,깐생강,인천광역시 남동구,20kg PE대,2,"140,000"
2019-01-21,,인천남촌,㈜대인농산,조미채소류,생강,깐생강,인천광역시 남동구,20kg PE대,2,"140,000"
2019-01-21,,인천남촌,㈜대인농산,조미채소류,마늘,깐마늘,인천광역시 남동구,10kg 상자,5,"65,000"
2019-01-21,,인천남촌,㈜대인농산,조미채소류,마늘,깐마늘,인천광역시 남동구,10kg 상자,2,"65,000"
2019-01-21,,인천남촌,㈜대인농산,조미채소류,마늘,깐마늘,인천광역시 남동구,10kg 상자,2,"58,000"
2019-01-21,,인천남촌,㈜대인농산,과실류,배,신고,충청남도 천안시,15kg 상자,8,"25,000"
2019-01-21,,인천남촌,㈜대인농산,과일과채류,토마토,토마토(일반),경상북도 경산시,10kg 상자,3,"10,000"
2019-01-21,,인천남촌,㈜대인농산,과일과채류,토마토,토마토(일반),경상북도 경산시,10kg 상자,4,"10,000"
2019-01-21,,인천남촌,㈜대인농산,과일과채류,토마토,토마토(일반),경상북도 경산시,10kg 상자,2,"9,000"
2019-01-22,,인천남촌,㈜대인농산,과일과채류,딸기,설향,경상남도 밀양시,1kg PP대,90,"5,500"
2019-01-22,,인천남촌,㈜대인농산,과일과채류,딸기,설향,경상남도 밀양시,1kg PP대,11,"3,500"
2019-01-22,,인천남촌,㈜대인농산,과일과채류,딸기,설향,경상남도 밀양시,1kg PP대,160,"8,500"
2019-01-22,,인천남촌,㈜대인농산,과일과채류,딸기,설향,경상남도 밀양시,1kg PP대,31,"6,500"
2019-01-22,,인천남촌,㈜대인농산,과일과채류,딸기,설향,경상남도 밀양시,1kg PP대,74,"8,500"
2019-01-22,,인천남촌,㈜대인농산,과일과채류,딸기,설향,경상남도 밀양시,1kg PP대,36,"5,500"
2019-01-22,,인천남촌,㈜대인농산,엽경채류,무순,무순(일반),-,50g 개,100,230
2019-01-22,,인천남촌,㈜대인농산,엽경채류,무순,무순(일반),-,150g 개,20,700
2019-01-22,,인천남촌,㈜대인농산,엽경채류,무순,무순(일반),-,500g 개,10,"2,300"
2019-01-22,,인천남촌,㈜대인농산,산채류,새싹,기타새싹,-,50g 개,50,700
2019-01-23,,인천남촌,㈜대인농산,버섯류,팽이버섯,팽이1호,전라남도 나주시,5kg 상자,10,"10,000"
2019-01-23,,인천남촌,㈜대인농산,버섯류,팽이버섯,팽이1호,전라남도 나주시,5kg 상자,10,"10,000"
2019-01-23,,인천남촌,㈜대인농산,버섯류,팽이버섯,팽이1호,전라남도 나주시,5kg 상자,10,"10,000"
2019-01-23,,인천남촌,㈜대인농산,버섯류,팽이버섯,팽이1호,전라남도 나주시,5kg 상자,10,"10,000"
2019-01-23,,인천남촌,㈜대인농산,버섯류,팽이버섯,팽이1호,전라남도 나주시,5kg 상자,10,"10,000"
2019-01-23,,인천남촌,㈜대인농산,버섯류,팽이버섯,팽이1호,전라남도 나주시,5kg 상자,10,"9,500"
2019-01-23,,인천남촌,㈜대인농산,버섯류,새송이,새송이버섯(일반),전라남도 나주시,2kg 상자,25,"8,000"
2019-01-23,,인천남촌,㈜대인농산,과실류,사과,후지,충청북도 충주시,10kg 상자,10,"14,000"
2019-01-23,,인천남촌,㈜대인농산,과실류,사과,후지,충청북도 충주시,10kg 상자,2,"10,000"
2019-01-23,,인천남촌,㈜대인농산,과실류,사과,미시마,충청북도 청주시,5kg 상자,1,"18,000"
2019-01-24,,인천남촌,㈜대인농산,신선 해조류,미역,미역(일반),경기도 고양시,30kg 상자,6,"10,000"
2019-01-24,,인천남촌,㈜대인농산,신선 해조류,파래,파래,경기도 고양시,4kg 상자,30,"6,000"
2019-01-24,,인천남촌,㈜대인농산,조미채소류,마늘,깐마늘,충청남도 서천군,10kg 상자,3,"55,000"
2019-01-24,,인천남촌,㈜대인농산,조미채소류,마늘,깐마늘,충청남도 서천군,20kg PE대,6,"90,000"
2019-01-24,,인천남촌,㈜대인농산,엽경채류,시금치,섬초,-,8kg 상자,17,"9,000"
2019-01-24,,인천남촌,㈜대인농산,엽경채류,얼갈이배추,기타얼갈이배추,충청남도 공주시,8kg 상자,40,"4,000"
2019-01-24,,인천남촌,㈜대인농산,과실류,사과,후지,충청남도 아산시,5kg 상자,170,"12,000"
2019-01-24,,인천남촌,㈜대인농산,과실류,사과,후지,충청남도 아산시,5kg 상자,110,"8,000"
2019-01-24,,인천남촌,㈜대인농산,엽경채류,시금치,섬초,전라남도 여수시,8kg 상자,25,"10,500"
2019-01-24,,인천남촌,㈜대인농산,엽경채류,시금치,섬초,전라남도 여수시,8kg 상자,25,"10,500"
2019-01-25,,인천남촌,㈜대인농산,과채류,가지,가지(일반),서울특별시 서울 강서구,5kg 상자,10,"13,000"
2019-01-25,,인천남촌,㈜대인농산,엽경채류,냉이,일반냉이,충청남도 홍성군,4kg 비닐봉지,10,"15,500"
2019-01-25,,인천남촌,㈜대인농산,과실류,배,신고,전라남도 나주시,15kg 상자,2,"23,000"
2019-01-25,,인천남촌,㈜대인농산,과실류,배,신고,전라남도 나주시,15kg 상자,11,"20,000"
2019-01-25,,인천남촌,㈜대인농산,과실류,배,신고,전라남도 나주시,15kg 상자,8,"14,000"
2019-01-25,,인천남촌,㈜대인농산,과채류,호박,쥬키니호박,경상남도 진주시,10kg 상자,24,"9,500"
2019-01-25,,인천남촌,㈜대인농산,과채류,호박,쥬키니호박,경상남도 진주시,10kg 상자,14,"9,000"
2019-01-25,,인천남촌,㈜대인농산,두류,완두,완두(일반),수입산,4kg 비닐봉지,2,"5,000"
2019-01-25,,인천남촌,㈜대인농산,과실류,사과,로얄부사,경상북도 영주시,10kg 상자,4,"30,000"
2019-01-25,,인천남촌,㈜대인농산,양채류,양상추,양상추(일반),강원도 횡성군,8kg 상자,10,"13,000"
2019-01-26,,인천남촌,㈜대인농산,과실류,감귤,기타감귤,제주도 서귀포시,5kg 상자,35,"4,000"
2019-01-26,,인천남촌,㈜대인농산,과실류,감귤,기타감귤,제주도 서귀포시,5kg 상자,50,"6,000"
2019-01-26,,인천남촌,㈜대인농산,과실류,감귤,기타감귤,제주도 서귀포시,5kg 상자,40,"8,000"
2019-01-26,,인천남촌,㈜대인농산,과실류,감귤,기타감귤,제주도 서귀포시,5kg 상자,22,"3,500"
2019-01-26,,인천남촌,㈜대인농산,과실류,감귤,기타감귤,제주도 서귀포시,5kg 상자,20,"6,000"
2019-01-26,,인천남촌,㈜대인농산,양채류,비트(붉은사탕무우),비트(일반),강원도 횡성군,10kg 상자,3,"4,000"
2019-01-26,,인천남촌,㈜대인농산,서류,감자,기타감자,강원도 횡성군,20kg 상자,4,"4,000"
2019-01-26,,인천남촌,㈜대인농산,과채류,오이,백다다기,경상북도 상주시,10kg 상자,14,"26,500"
2019-01-26,,인천남촌,㈜대인농산,과채류,오이,백다다기,경상북도 상주시,10kg 상자,8,"24,000"
2019-01-26,,인천남촌,㈜대인농산,과채류,오이,백다다기,경상북도 상주시,18kg 상자,17,"58,000"
2019-01-27,경매가 아직 이루어지지 않았거나 데이터 미전송 상태입니다.,,,,,,,,,
2019-01-28,,인천남촌,㈜대인농산,신선 해조류,우뭇가사리,톳,충청남도 공주시,4kg 상자,20,"3,500"
2019-01-28,,인천남촌,㈜대인농산,과일과채류,딸기,설향,충청남도 논산시,2kg 상자,9,"17,000"
2019-01-28,,인천남촌,㈜대인농산,엽경채류,배추,월동배추,전라남도 해남군,10kg 그물망,40,"1,200"
2019-01-28,,인천남촌,㈜대인농산,과일과채류,딸기,설향,충청남도 논산시,1kg PP대,1,"4,500"
2019-01-28,,인천남촌,㈜대인농산,버섯류,새송이,새송이버섯(일반),전라남도 함평군,2kg 상자,10,"5,000"
2019-01-28,,인천남촌,㈜대인농산,과실류,만감,한라봉,제주도 서귀포시,3kg 상자,3,"12,000"
2019-01-28,,인천남촌,㈜대인농산,과실류,만감,한라봉,제주도 서귀포시,3kg 상자,29,"13,500"
2019-01-28,,인천남촌,㈜대인농산,과실류,만감,한라봉,제주도 서귀포시,3kg 상자,49,"13,000"
2019-01-28,,인천남촌,㈜대인농산,과실류,만감,한라봉,제주도 서귀포시,3kg 상자,68,"12,500"
2019-01-28,,인천남촌,㈜대인농산,과실류,감귤,천혜향,제주도 서귀포시,3kg 상자,13,"14,000"
2019-01-29,,인천남촌,㈜대인농산,근채류,당근,흙당근,제주도 제주시,20kg 상자,17,"26,000"
2019-01-29,,인천남촌,㈜대인농산,근채류,당근,흙당근,제주도 제주시,20kg 상자,45,"26,000"
2019-01-29,,인천남촌,㈜대인농산,근채류,당근,흙당근,제주도 제주시,20kg 상자,40,"22,000"
2019-01-29,,인천남촌,㈜대인농산,엽경채류,깻잎,깻잎(일반),충청남도 논산시,2kg 상자,1,"15,000"
2019-01-29,,인천남촌,㈜대인농산,엽경채류,깻잎,기타깻잎,충청남도 논산시,4kg 상자,5,"22,000"
2019-01-29,,인천남촌,㈜대인농산,엽경채류,깻잎,기타깻잎,충청남도 논산시,4kg 상자,4,"11,000"
2019-01-29,,인천남촌,㈜대인농산,엽경채류,깻잎,깻잎(일반),충청남도 논산시,2kg 상자,2,"13,000"
2019-01-29,,인천남촌,㈜대인농산,엽경채류,깻잎,깻잎(일반),충청남도 논산시,2kg 상자,20,"12,000"
2019-01-29,,인천남촌,㈜대인농산,엽경채류,깻잎,기타깻잎,충청남도 논산시,3kg 상자,1,"10,000"
2019-01-29,,인천남촌,㈜대인농산,엽경채류,깻잎,깻잎(일반),충청남도 논산시,2kg 상자,8,"11,500"
2019-01-30,,인천남촌,㈜대인농산,과채류,호박,애호박,서울특별시 서울 강서구,8kg 상자,16,"14,000"
2019-01-30,,인천남촌,㈜대인농산,과채류,가지,가지(일반),서울특별시 서울 강서구,5kg 상자,19,"11,000"
2019-01-30,,인천남촌,㈜대인농산,과실류,감귤,기타감귤,제주도 서귀포시,10kg 상자,26,"18,000"
2019-01-30,,인천남촌,㈜대인농산,엽경채류,부추,영양부추,-,.5kg 단,50,"2,000"
2019-01-30,,인천남촌,㈜대인농산,엽경채류,부추,일반부추,-,.5kg 단,40,"2,000"
2019-01-30,,인천남촌,㈜대인농산,엽경채류,청경채,청경채(일반),-,4kg 상자,3,"8,000"
2019-01-30,,인천남촌,㈜대인농산,조미채소류,풋고추,아삭이,-,10kg 상자,2,"18,000"
2019-01-30,,인천남촌,㈜대인농산,양채류,양상추,양상추(일반),-,8kg 상자,5,"18,000"
2019-01-30,,인천남촌,㈜대인농산,버섯류,느타리버섯,느타리버섯(일반),충청북도 충주시,2kg 상자,16,"15,000"
2019-01-30,,인천남촌,㈜대인농산,근채류,연근,기타연근,인천광역시 남동구,20kg 상자,3,"20,000"
2019-01-31,,인천남촌,㈜대인농산,과실류,만감,한라봉,제주도 서귀포시,10kg 상자,13,"21,000"
2019-01-31,,인천남촌,㈜대인농산,과실류,감귤,기타감귤,제주도 서귀포시,10kg 상자,23,"16,500"
2019-01-31,,인천남촌,㈜대인농산,과실류,감귤,기타감귤,제주도 서귀포시,10kg 상자,10,"18,500"
2019-01-31,,인천남촌,㈜대인농산,과실류,만감,한라봉,제주도 서귀포시,5kg 상자,29,"20,000"
2019-01-31,,인천남촌,㈜대인농산,과실류,만감,한라봉,제주도 서귀포시,5kg 상자,30,"16,500"
2019-01-31,,인천남촌,㈜대인농산,과실류,만감,한라봉,제주도 서귀포시,5kg 상자,41,"15,500"
2019-01-31,,인천남촌,㈜대인농산,엽경채류,부추,일반부추,-,.5kg 단,80,"2,000"
2019-01-31,,인천남촌,㈜대인농산,양채류,케일,로즈,-,1kg 상자,2,"5,000"
2019-01-31,,인천남촌,㈜대인농산,엽경채류,배추,쌈배추,-,1kg 상자,4,"4,000"
2019-01-31,,인천남촌,㈜대인농산,약용작물류,참당귀,참당귀(일반),-,1kg 상자,5,"15,000"
2019-02-01,,인천남촌,㈜대인농산,산채류,참나물,참나물(일반),서울특별시 송파구,4kg 상자,35,"5,500"
2019-02-01,,인천남촌,㈜대인농산,엽경채류,청경채,청경채(일반),서울특별시 송파구,4kg 상자,36,"2,300"
2019-02-01,,인천남촌,㈜대인농산,과채류,가지,가지(일반),서울특별시 서울 강서구,5kg 상자,20,"15,000"
2019-02-01,,인천남촌,㈜대인농산,과채류,가지,가지(일반),서울특별시 서울 강서구,5kg 상자,5,"9,000"
2019-02-01,,인천남촌,㈜대인농산,조미채소류,꽈리고추,꽈리고추(일반),서울특별시 서울 강서구,4kg 상자,11,"32,000"
2019-02-01,,인천남촌,㈜대인농산,과채류,오이,취청,경상남도 진주시,10kg 상자,13,"33,000"
2019-02-01,,인천남촌,㈜대인농산,과채류,오이,취청,경상남도 진주시,10kg 상자,16,"35,000"
2019-02-01,,인천남촌,㈜대인농산,과채류,호박,쥬키니호박,경상남도 진주시,10kg 상자,9,"9,000"
2019-02-01,,인천남촌,㈜대인농산,과채류,호박,쥬키니호박,경상남도 진주시,10kg 상자,7,"6,000"
2019-02-01,,인천남촌,㈜대인농산,과채류,호박,쥬키니호박,경상남도 진주시,10kg 상자,1,"4,000"
2019-02-02,,인천남촌,㈜대인농산,조미채소류,쪽파,쪽파(일반),제주도 제주시,1kg 단,20,"2,200"
2019-02-02,,인천남촌,㈜대인농산,조미채소류,쪽파,쪽파(일반),제주도 제주시,1kg 단,10,"2,700"
2019-02-02,,인천남촌,㈜대인농산,조미채소류,쪽파,쪽파(일반),제주도 제주시,1kg 단,40,"2,400"
2019-02-02,,인천남촌,㈜대인농산,조미채소류,쪽파,쪽파(일반),제주도 제주시,1kg 단,20,"2,800"
2019-02-02,,인천남촌,㈜대인농산,버섯류,양송이,양송이(일반),충청남도 부여군,2kg 상자,8,"9,000"
2019-02-02,,인천남촌,㈜대인농산,버섯류,양송이,양송이(일반),충청남도 부여군,2kg 상자,16,"7,500"
2019-02-02,,인천남촌,㈜대인농산,버섯류,양송이,양송이(일반),충청남도 부여군,2kg 상자,8,"10,000"
2019-02-02,,인천남촌,㈜대인농산,버섯류,양송이,양송이(일반),충청남도 부여군,2kg 상자,8,"4,000"
2019-02-02,,인천남촌,㈜대인농산,버섯류,양송이,양송이(일반),충청남도 부여군,2kg 상자,3,"5,500"
2019-02-02,,인천남촌,㈜대인농산,버섯류,양송이,양송이(일반),충청남도 부여군,2kg 상자,17,"17,000"
2019-02-03,경매가 아직 이루어지지 않았거나 데이터 미전송 상태입니다.,,,,,,,,,
2019-02-04,,인천남촌,㈜대인농산,과실류,감귤,기타감귤,제주도 서귀포시,5kg 상자,50,"7,500"
2019-02-04,,인천남촌,㈜대인농산,과실류,감귤,기타감귤,제주도 서귀포시,5kg 상자,73,"12,000"
2019-02-04,,인천남촌,㈜대인농산,과실류,감귤,기타감귤,제주도 서귀포시,5kg 상자,60,"11,000"
2019-02-04,,인천남촌,㈜대인농산,과실류,감귤,기타감귤,제주도 서귀포시,5kg 상자,62,"4,000"
2019-02-04,,인천남촌,㈜대인농산,과실류,감귤,기타감귤,제주도 서귀포시,5kg 상자,8,"2,500"
2019-02-04,,인천남촌,㈜대인농산,과실류,감귤,기타감귤,제주도 서귀포시,5kg 상자,3,"2,000"
2019-02-04,,인천남촌,㈜대인농산,과실류,감귤,기타감귤,제주도 서귀포시,5kg 상자,10,"3,500"
2019-02-04,,인천남촌,㈜대인농산,과실류,감귤,기타감귤,제주도 서귀포시,5kg 상자,11,"6,000"
2019-02-04,,인천남촌,㈜대인농산,과실류,감귤,기타감귤,제주도 서귀포시,5kg 상자,16,"1,000"
2019-02-04,,인천남촌,㈜대인농산,버섯류,느타리버섯,느타리버섯(일반),경기도 시흥시,2kg 상자,23,"13,000"
2019-02-05,경매가 아직 이루어지지 않았거나 데이터 미전송 상태입니다.,,,,,,,,,
2019-02-06,경매가 아직 이루어지지 않았거나 데이터 미전송 상태입니다.,,,,,,,,,
2019-02-07,경매가 아직 이루어지지 않았거나 데이터 미전송 상태입니다.,,,,,,,,,
2019-02-08,,인천남촌,㈜대인농산,버섯류,표고버섯,표고버섯(일반),전라북도 군산시,8kg 상자,1,"57,000"
2019-02-08,,인천남촌,㈜대인농산,과일과채류,딸기,설향,경상남도 밀양시,1kg 상자,52,"6,500"
2019-02-08,,인천남촌,㈜대인농산,과일과채류,딸기,설향,경상남도 밀양시,1kg 상자,28,"5,000"
2019-02-08,,인천남촌,㈜대인농산,과일과채류,딸기,설향,경상남도 밀양시,1kg 상자,14,"3,500"
2019-02-08,,인천남촌,㈜대인농산,과일과채류,딸기,설향,경상남도 밀양시,1kg 상자,23,"3,000"
2019-02-08,,인천남촌,㈜대인농산,과일과채류,딸기,설향,경상남도 밀양시,1kg 상자,102,"9,000"
2019-02-08,,인천남촌,㈜대인농산,과일과채류,딸기,설향,경상남도 밀양시,1kg 상자,64,"6,000"
2019-02-08,,인천남촌,㈜대인농산,엽경채류,무순,무순(일반),-,500g 개,25,"2,300"
2019-02-08,,인천남촌,㈜대인농산,산채류,새싹,기타새싹,-,50g 개,50,800
2019-02-08,,인천남촌,㈜대인농산,산채류,새싹,기타새싹,-,500g 개,6,"4,500"
2019-02-09,,인천남촌,㈜대인농산,양채류,파프리카,빨강파프리카,인천광역시 계양구,5kg 상자,3,"20,000"
2019-02-09,,인천남촌,㈜대인농산,양채류,케일,쌈케일,인천광역시 계양구,2kg 상자,7,"2,000"
2019-02-09,,인천남촌,㈜대인농산,약용작물류,참당귀,참당귀(일반),인천광역시 계양구,2kg 상자,2,"14,000"
2019-02-09,,인천남촌,㈜대인농산,엽경채류,얼갈이배추,알배기,인천광역시 계양구,10kg 상자,2,"10,000"
2019-02-09,,인천남촌,㈜대인농산,엽경채류,청경채,청경채(일반),인천광역시 계양구,4kg 상자,6,"4,000"
2019-02-09,,인천남촌,㈜대인농산,농림가공,조미제품,고추가루,수입산,20kg 상자,7,"120,000"
2019-02-09,,인천남촌,㈜대인농산,농림가공,조미제품,고추가루,수입산,10kg 상자,3,"60,000"
2019-02-09,,인천남촌,㈜대인농산,조미채소류,대파,대파(일반),인천광역시 남동구,2kg 단,300,"2,600"
2019-02-09,,인천남촌,㈜대인농산,조미채소류,대파,대파(일반),인천광역시 남동구,2kg 단,250,"2,600"
2019-02-09,,인천남촌,㈜대인농산,농림가공,전분 및 사료제조,도토리묵,수입산,4kg 상자,5,"5,500"
2019-02-10,경매가 아직 이루어지지 않았거나 데이터 미전송 상태입니다.,,,,,,,,,
2019-02-11,경매가 아직 이루어지지 않았거나 데이터 미전송 상태입니다.,,,,,,,,,
2019-02-12,,인천남촌,㈜대인농산,농림가공,유지,들기름,수입산,.4kg 개,40,"3,500"
2019-02-12,,인천남촌,㈜대인농산,농림가공,기타식품,기타,수입산,1.8kg 개,24,"5,500"
2019-02-12,,인천남촌,㈜대인농산,엽경채류,냉이,일반냉이,충청남도 공주시,4kg 비닐봉지,5,"19,000"
2019-02-12,,인천남촌,㈜대인농산,엽경채류,쑥갓,쑥갓(일반),-,4kg 상자,35,"5,000"
2019-02-12,,인천남촌,㈜대인농산,엽경채류,달래,달래(일반),경기도 고양시,8kg 상자,5,"40,000"
2019-02-12,,인천남촌,㈜대인농산,산채류,참나물,참나물(일반),경기도 고양시,4kg 상자,33,"7,200"
2019-02-12,,인천남촌,㈜대인농산,양채류,브로코리(녹색꽃양배추),브로코리(일반),수입산,8kg 상자,30,"4,500"
2019-02-12,,인천남촌,㈜대인농산,버섯류,표고버섯,표고버섯(일반),인천광역시 남동구,1kg 상자,10,"5,000"
2019-02-12,,인천남촌,㈜대인농산,과채류,오이,백다다기,충청남도 부여군,10kg 상자,1,"15,000"
2019-02-12,,인천남촌,㈜대인농산,특용작물류,유채,식용,충청남도 공주시,10kg 상자,25,"13,500"
2019-02-13,,인천남촌,㈜대인농산,과채류,호박,애호박,전라남도 광양시,8kg 상자,33,"16,000"
2019-02-13,,인천남촌,㈜대인농산,과채류,호박,애호박,전라남도 광양시,10kg 상자,1,"15,500"
2019-02-13,,인천남촌,㈜대인농산,과채류,호박,애호박,전라남도 광양시,10kg 상자,3,"18,000"
2019-02-13,,인천남촌,㈜대인농산,과채류,호박,애호박,전라남도 광양시,10kg 상자,4,"20,000"
2019-02-13,,인천남촌,㈜대인농산,과채류,호박,애호박,전라남도 광양시,10kg 상자,1,"13,000"
2019-02-13,,인천남촌,㈜대인농산,과채류,호박,애호박,전라남도 광양시,10kg 상자,2,"17,000"
2019-02-13,,인천남촌,㈜대인농산,과채류,호박,애호박,전라남도 광양시,10kg 상자,1,"15,000"
2019-02-13,,인천남촌,㈜대인농산,과채류,호박,애호박,전라남도 광양시,10kg 상자,2,"15,000"
2019-02-13,,인천남촌,㈜대인농산,과채류,호박,애호박,전라남도 광양시,10kg 상자,1,"22,000"
2019-02-13,,인천남촌,㈜대인농산,과채류,호박,애호박,전라남도 광양시,10kg 상자,1,"20,000"
2019-02-14,,인천남촌,㈜대인농산,잡곡류,조,차조(일반),수입산,40g 개,200,180
2019-02-14,,인천남촌,㈜대인농산,잡곡류,기장,기장(일반),수입산,45g 개,"1,000",180
2019-02-14,,인천남촌,㈜대인농산,두류,콩,기타콩,수입산,40g 개,50,180
2019-02-14,,인천남촌,㈜대인농산,두류,콩,기타콩,수입산,40g 개,200,180
2019-02-14,,인천남촌,㈜대인농산,두류,강낭콩,기타강낭콩,수입산,50g 개,200,180
2019-02-14,,인천남촌,㈜대인농산,두류,완두,완두(일반),수입산,55g 개,200,180
2019-02-14,,인천남촌,㈜대인농산,과실류,만감,한라봉,제주도 서귀포시,10kg 상자,4,"25,000"
2019-02-14,,인천남촌,㈜대인농산,과실류,만감,한라봉,제주도 서귀포시,10kg 상자,14,"23,000"
2019-02-14,,인천남촌,㈜대인농산,버섯류,새송이,새송이버섯(일반),전라남도 함평군,2kg 상자,10,"4,600"
2019-02-14,,인천남촌,㈜대인농산,과채류,호박,호박고지,충청남도 서천군,5kg 상자,2,"6,000"
2019-02-15,,인천남촌,㈜대인농산,과실류,감귤,비가림감귤,제주도 서귀포시,5kg 상자,3,"8,500"
2019-02-15,,인천남촌,㈜대인농산,과실류,감귤,천혜향,제주도 서귀포시,3kg 상자,2,"14,000"
2019-02-15,,인천남촌,㈜대인농산,과실류,감귤,천혜향,제주도 서귀포시,3kg 상자,7,"15,000"
2019-02-15,,인천남촌,㈜대인농산,과실류,만감,한라봉,제주도 서귀포시,9kg 상자,5,"35,000"
2019-02-15,,인천남촌,㈜대인농산,과실류,만감,한라봉,제주도 서귀포시,9kg 상자,1,"32,500"
2019-02-15,,인천남촌,㈜대인농산,과실류,만감,한라봉,제주도 서귀포시,9kg 상자,1,"32,500"
2019-02-15,,인천남촌,㈜대인농산,조미채소류,생강,깐생강,인천광역시 남동구,20kg PE대,2,"180,000"
2019-02-15,,인천남촌,㈜대인농산,조미채소류,생강,깐생강,인천광역시 남동구,20kg PE대,2,"140,000"
2019-02-15,,인천남촌,㈜대인농산,조미채소류,생강,깐생강,인천광역시 남동구,20kg PE대,1,"140,000"
2019-02-15,,인천남촌,㈜대인농산,과실류,단감,기타단감,경상북도 경산시,10kg 상자,10,"33,000"
2019-02-16,,인천남촌,㈜대인농산,잡곡류,기타,잡곡류기타,수입산,40g 개,200,250
2019-02-16,,인천남촌,㈜대인농산,과실류,감귤,천혜향,제주도 서귀포시,3kg 상자,7,"15,000"
2019-02-16,,인천남촌,㈜대인농산,과실류,감귤,천혜향,제주도 서귀포시,3kg 상자,12,"14,000"
2019-02-16,,인천남촌,㈜대인농산,과실류,감귤,비가림감귤,제주도 서귀포시,5kg 상자,120,"12,500"
2019-02-16,,인천남촌,㈜대인농산,버섯류,새송이,새송이버섯(일반),전라남도 함평군,2kg 상자,20,"4,500"
2019-02-16,,인천남촌,㈜대인농산,엽경채류,얼갈이배추,얼갈이배추,-,2kg 단,40,600
2019-02-16,,인천남촌,㈜대인농산,엽경채류,얼갈이배추,기타얼갈이배추,-,4kg 상자,3,"1,500"
2019-02-16,,인천남촌,㈜대인농산,조미채소류,생강,깐생강,인천광역시 남동구,20kg PE대,2,"140,000"
2019-02-16,,인천남촌,㈜대인농산,조미채소류,마늘,깐마늘,인천광역시 남동구,10kg 상자,3,"65,000"
2019-02-16,,인천남촌,㈜대인농산,조미채소류,마늘,깐마늘,인천광역시 남동구,10kg 상자,2,"65,000"
2019-02-17,경매가 아직 이루어지지 않았거나 데이터 미전송 상태입니다.,,,,,,,,,
2019-02-18,,인천남촌,㈜대인농산,농림가공,전분 및 사료제조,도토리묵,수입산,4kg 상자,6,"5,500"
2019-02-18,,인천남촌,㈜대인농산,농림가공,전분 및 사료제조,도토리묵,수입산,6kg 상자,25,"7,000"
2019-02-18,,인천남촌,㈜대인농산,농림가공,전분 및 사료제조,청포묵,수입산,4kg 상자,2,"5,500"
2019-02-18,,인천남촌,㈜대인농산,농림가공,전분 및 사료제조,청포묵,수입산,6kg 상자,3,"7,000"
2019-02-18,,인천남촌,㈜대인농산,농림가공,곡물제조,연두부,수입산,15kg 상자,4,"11,000"
2019-02-18,,인천남촌,㈜대인농산,농림가공,곡물제조,두부,수입산,3kg 상자,4,"4,000"
2019-02-18,,인천남촌,㈜대인농산,조미채소류,꽈리고추,꽈리고추(일반),서울특별시 서울 강서구,4kg 상자,22,"18,000"
2019-02-18,,인천남촌,㈜대인농산,조미채소류,꽈리고추,꽈리고추(일반),서울특별시 서울 강서구,4kg 상자,6,"15,000"
2019-02-18,,인천남촌,㈜대인농산,과채류,호박,애호박,서울특별시 서울 강서구,8kg 상자,22,"12,000"
2019-02-18,,인천남촌,㈜대인농산,과채류,호박,애호박,서울특별시 서울 강서구,8kg 상자,1,"2,000"
2019-02-19,,인천남촌,㈜대인농산,엽경채류,청경채,청경채(일반),경기도 고양시,4kg 상자,30,"4,400"
2019-02-19,,인천남촌,㈜대인농산,엽경채류,근대,근대(일반),경기도 고양시,4kg 상자,23,"1,600"
2019-02-19,,인천남촌,㈜대인농산,양채류,피망(단고추),피망(일반),서울특별시 서울 강서구,10kg 상자,5,"46,000"
2019-02-19,,인천남촌,㈜대인농산,버섯류,팽이버섯,팽이1호,전라남도 나주시,5kg 상자,10,"4,000"
2019-02-19,,인천남촌,㈜대인농산,버섯류,팽이버섯,팽이1호,전라남도 나주시,5kg 상자,10,"4,000"
2019-02-19,,인천남촌,㈜대인농산,엽경채류,콩나물,콩나물(일반),수입산,4kg 상자,20,"2,700"
2019-02-19,,인천남촌,㈜대인농산,조미채소류,마늘,깐마늘,인천광역시 남동구,10kg 상자,2,"65,000"
2019-02-19,,인천남촌,㈜대인농산,조미채소류,마늘,깐마늘,인천광역시 남동구,20kg PE대,2,"85,000"
2019-02-19,,인천남촌,㈜대인농산,조미채소류,마늘,깐마늘,인천광역시 남동구,20kg PE대,1,"52,000"
2019-02-19,,인천남촌,㈜대인농산,과일과채류,딸기,설향,경상남도 하동군,1kg PP대,50,"6,000"
2019-02-20,,인천남촌,㈜대인농산,과실류,감귤,천혜향,제주도 서귀포시,3kg 상자,9,"14,000"
2019-02-20,,인천남촌,㈜대인농산,과실류,감귤,천혜향,제주도 서귀포시,3kg 상자,9,"14,000"
2019-02-20,,인천남촌,㈜대인농산,과실류,감귤,천혜향,제주도 서귀포시,3kg 상자,29,"14,000"
2019-02-20,,인천남촌,㈜대인농산,과실류,감귤,천혜향,제주도 서귀포시,3kg 상자,20,"12,000"
2019-02-20,,인천남촌,㈜대인농산,과실류,감귤,천혜향,제주도 서귀포시,3kg 상자,12,"11,000"
2019-02-20,,인천남촌,㈜대인농산,과실류,감귤,천혜향,제주도 서귀포시,3kg 상자,10,"10,500"
2019-02-20,,인천남촌,㈜대인농산,과실류,감귤,기타감귤,제주도 서귀포시,10kg 상자,13,"10,000"
2019-02-20,,인천남촌,㈜대인농산,과실류,감귤,기타감귤,제주도 서귀포시,5kg 상자,20,"8,500"
2019-02-20,,인천남촌,㈜대인농산,과실류,감귤,기타감귤,제주도 서귀포시,5kg 상자,7,"10,000"
2019-02-20,,인천남촌,㈜대인농산,과실류,감귤,기타감귤,제주도 서귀포시,5kg 상자,6,"9,000"
2019-02-21,,인천남촌,㈜대인농산,농림가공,조미제품,고추가루,수입산,20kg 상자,6,"120,000"
2019-02-21,,인천남촌,㈜대인농산,농림가공,조미제품,고추가루,수입산,10kg 상자,4,"60,000"
2019-02-21,,인천남촌,㈜대인농산,특용작물류,고추씨,고추씨(일반),충청남도 공주시,25kg 상자,2,"60,000"
2019-02-21,,인천남촌,㈜대인농산,특용작물류,참깨,참깨(일반),수입산,10kg 상자,2,"55,000"
2019-02-21,,인천남촌,㈜대인농산,조미채소류,대파,대파(일반),인천광역시 남동구,2kg 단,80,"3,000"
2019-02-21,,인천남촌,㈜대인농산,조미채소류,대파,대파(일반),인천광역시 남동구,2kg 단,80,"3,000"
2019-02-21,,인천남촌,㈜대인농산,조미채소류,대파,대파(일반),인천광역시 남동구,2kg 단,70,"3,000"
2019-02-21,,인천남촌,㈜대인농산,조미채소류,대파,대파(일반),인천광역시 남동구,2kg 단,50,"3,000"
2019-02-21,,인천남촌,㈜대인농산,조미채소류,대파,대파(일반),인천광역시 남동구,2kg 단,30,"3,000"
2019-02-21,,인천남촌,㈜대인농산,농림가공,전분 및 사료제조,청포묵,수입산,6kg 상자,3,"7,000"
2019-02-22,,인천남촌,㈜대인농산,엽경채류,청경채,청경채(일반),경기도 고양시,4kg 상자,25,"5,500"
2019-02-22,,인천남촌,㈜대인농산,과채류,호박,쥬키니호박,서울특별시 서울 강서구,10kg 상자,8,"11,000"
2019-02-22,,인천남촌,㈜대인농산,과실류,감귤,비가림감귤,제주도 서귀포시,5kg 상자,7,"13,000"
2019-02-22,,인천남촌,㈜대인농산,버섯류,팽이버섯,팽이1호,전라남도 함평군,5kg 상자,10,"4,500"
2019-02-22,,인천남촌,㈜대인농산,버섯류,느타리버섯,느타리버섯(일반),경기도 시흥시,2kg 상자,13,"5,200"
2019-02-22,,인천남촌,㈜대인농산,조미채소류,마늘,깐마늘,인천광역시 남동구,10kg 상자,3,"65,000"
2019-02-22,,인천남촌,㈜대인농산,농림가공,차,보리차,수입산,14kg 상자,3,"20,000"
2019-02-22,,인천남촌,㈜대인농산,산채류,참나물,참나물(일반),인천광역시 계양구,4kg 상자,4,"6,000"
2019-02-22,,인천남촌,㈜대인농산,양채류,로메인,적로메인,인천광역시 계양구,2kg 상자,2,"4,000"
2019-02-22,,인천남촌,㈜대인농산,조미채소류,대파,대파(일반),인천광역시 남동구,2kg 단,100,"2,000"
2019-02-23,,인천남촌,㈜대인농산,과일과채류,딸기,설향,충청남도 공주시,1kg PP대,45,"4,500"
2019-02-23,,인천남촌,㈜대인농산,과일과채류,딸기,설향,충청남도 공주시,1kg PP대,38,"3,500"
2019-02-23,,인천남촌,㈜대인농산,서류,감자,기타감자,강원도 횡성군,20kg 상자,8,"22,000"
2019-02-23,,인천남촌,㈜대인농산,서류,감자,기타감자,강원도 횡성군,20kg 상자,12,"16,000"
2019-02-23,,인천남촌,㈜대인농산,서류,감자,기타감자,강원도 횡성군,20kg 상자,3,"15,000"
2019-02-23,,인천남촌,㈜대인농산,서류,감자,기타감자,강원도 횡성군,20kg 상자,2,"10,000"
2019-02-23,,인천남촌,㈜대인농산,서류,감자,기타감자,강원도 횡성군,20kg 상자,1,"5,000"
2019-02-23,,인천남촌,㈜대인농산,서류,감자,기타감자,강원도 횡성군,20kg 상자,6,"26,000"
2019-02-23,,인천남촌,㈜대인농산,서류,감자,기타감자,강원도 횡성군,20kg 상자,13,"17,000"
2019-02-23,,인천남촌,㈜대인농산,서류,감자,기타감자,강원도 횡성군,20kg 상자,12,"13,000"
2019-02-24,경매가 아직 이루어지지 않았거나 데이터 미전송 상태입니다.,,,,,,,,,
2019-02-25,,인천남촌,㈜대인농산,산채류,참나물,참나물(일반),서울특별시 송파구,4kg 상자,40,"5,700"
2019-02-25,,인천남촌,㈜대인농산,엽경채류,기타,엽경채류기타,경기도 고양시,2kg 상자,10,"2,000"
2019-02-25,,인천남촌,㈜대인농산,약용작물류,참당귀,참당귀(일반),경기도 고양시,1kg 상자,5,"3,000"
2019-02-25,,인천남촌,㈜대인농산,엽경채류,미나리,미나리(일반),경기도 고양시,4kg 상자,14,"7,000"
2019-02-25,,인천남촌,㈜대인농산,과채류,가지,가지(일반),서울특별시 서울 강서구,5kg 상자,10,"12,500"
2019-02-25,,인천남촌,㈜대인농산,과실류,사과,로얄부사,경상북도 영주시,10kg 상자,27,"13,000"
2019-02-25,,인천남촌,㈜대인농산,과실류,사과,로얄부사,경상북도 영주시,10kg 상자,4,"15,000"
2019-02-25,,인천남촌,㈜대인농산,과실류,감귤,기타감귤,제주도 서귀포시,5kg 상자,50,"9,000"
2019-02-25,,인천남촌,㈜대인농산,양채류,양상추,양상추(일반),강원도 횡성군,8kg 상자,3,"11,000"
2019-02-25,,인천남촌,㈜대인농산,서류,고구마,기타,충청남도 서천군,10kg 상자,2,"12,500"
2019-02-26,,인천남촌,㈜대인농산,과일과채류,참외,기타참외,경상북도 칠곡군,10kg 상자,4,"55,000"
2019-02-26,,인천남촌,㈜대인농산,과일과채류,참외,기타참외,경상북도 칠곡군,10kg 상자,3,"45,000"
2019-02-26,,인천남촌,㈜대인농산,과일과채류,참외,기타참외,경상북도 칠곡군,10kg 상자,3,"49,000"
2019-02-26,,인천남촌,㈜대인농산,과일과채류,참외,기타참외,경상북도 칠곡군,10kg 상자,5,"46,000"
2019-02-26,,인천남촌,㈜대인농산,과일과채류,참외,기타참외,경상북도 칠곡군,10kg 상자,9,"52,000"
2019-02-26,,인천남촌,㈜대인농산,버섯류,새송이,새송이버섯(일반),전라남도 나주시,2kg 상자,25,"6,500"
2019-02-26,,인천남촌,㈜대인농산,버섯류,새송이,새송이버섯(일반),전라남도 나주시,2kg 상자,30,"5,000"
2019-02-26,,인천남촌,㈜대인농산,과일과채류,토마토,기타토마토,부산광역시 부산 강서구,2.5kg 상자,10,"18,000"
2019-02-26,,인천남촌,㈜대인농산,과일과채류,토마토,기타토마토,부산광역시 부산 강서구,2.5kg 상자,1,"11,000"
2019-02-26,,인천남촌,㈜대인농산,과일과채류,토마토,기타토마토,부산광역시 부산 강서구,2.5kg 상자,5,"12,000"
2019-02-27,,인천남촌,㈜대인농산,근채류,당근,세척당근,수입산,10kg 상자,15,"7,500"
2019-02-27,,인천남촌,㈜대인농산,근채류,당근,세척당근,수입산,10kg 상자,20,"7,500"
2019-02-27,,인천남촌,㈜대인농산,근채류,당근,세척당근,수입산,10kg 상자,5,"7,500"
2019-02-27,,인천남촌,㈜대인농산,근채류,당근,세척당근,수입산,10kg 상자,10,"7,500"
2019-02-27,,인천남촌,㈜대인농산,근채류,당근,세척당근,수입산,10kg 상자,10,"7,500"
2019-02-27,,인천남촌,㈜대인농산,근채류,당근,세척당근,수입산,10kg 상자,10,"7,500"
2019-02-27,,인천남촌,㈜대인농산,근채류,당근,세척당근,수입산,10kg 상자,10,"7,500"
2019-02-27,,인천남촌,㈜대인농산,근채류,당근,세척당근,수입산,10kg 상자,3,"7,500"
2019-02-27,,인천남촌,㈜대인농산,근채류,당근,세척당근,수입산,10kg 상자,5,"7,500"
2019-02-27,,인천남촌,㈜대인농산,근채류,당근,세척당근,수입산,10kg 상자,15,"7,500"
2019-02-28,,인천남촌,㈜대인농산,엽경채류,부추,일반부추,인천광역시 남동구,.5kg 단,220,"1,200"
2019-02-28,,인천남촌,㈜대인농산,엽경채류,미나리,미나리(일반),인천광역시 남동구,15kg PP대,1,"40,000"
2019-02-28,,인천남촌,㈜대인농산,근채류,무,월동무,제주도 제주시,20kg PP대,163,"8,500"
2019-02-28,,인천남촌,㈜대인농산,엽경채류,깻잎,깻잎(일반),충청남도 논산시,2kg 상자,1,"14,000"
2019-02-28,,인천남촌,㈜대인농산,엽경채류,깻잎,깻잎(일반),충청남도 논산시,2kg 상자,20,"14,000"
2019-02-28,,인천남촌,㈜대인농산,엽경채류,깻잎,기타깻잎,충청남도 논산시,4kg 상자,3,"18,000"
2019-02-28,,인천남촌,㈜대인농산,엽경채류,깻잎,깻잎(일반),충청남도 논산시,2kg 상자,2,"8,500"
2019-02-28,,인천남촌,㈜대인농산,엽경채류,깻잎,기타깻잎,충청남도 논산시,4kg 상자,1,"7,000"
2019-02-28,,인천남촌,㈜대인농산,엽경채류,깻잎,깻잎(일반),충청남도 논산시,2kg 상자,5,"10,000"
2019-02-28,,인천남촌,㈜대인농산,엽경채류,깻잎,깻잎(일반),충청남도 논산시,2kg 상자,5,"13,000"
2019-03-01,,인천남촌,㈜대인농산,엽경채류,부추,일반부추,전라남도 광양시,.5kg 단,140,700
2019-03-01,,인천남촌,㈜대인농산,엽경채류,부추,일반부추,전라남도 광양시,.5kg 단,200,"1,050"
2019-03-01,,인천남촌,㈜대인농산,엽경채류,부추,일반부추,전라남도 광양시,.5kg 단,80,600
2019-03-01,,인천남촌,㈜대인농산,엽경채류,부추,일반부추,전라남도 광양시,.5kg 단,40,800
2019-03-01,,인천남촌,㈜대인농산,엽경채류,부추,일반부추,전라남도 광양시,.5kg 단,320,"1,700"
2019-03-01,,인천남촌,㈜대인농산,엽경채류,부추,일반부추,전라남도 광양시,.5kg 단,220,"1,650"
2019-03-01,,인천남촌,㈜대인농산,엽경채류,부추,일반부추,전라남도 광양시,.5kg 단,200,"1,650"
2019-03-01,,인천남촌,㈜대인농산,엽경채류,부추,일반부추,전라남도 광양시,.5kg 단,200,"1,700"
2019-03-01,,인천남촌,㈜대인농산,엽경채류,부추,일반부추,전라남도 광양시,.5kg 단,40,"1,300"
2019-03-01,,인천남촌,㈜대인농산,엽경채류,부추,일반부추,전라남도 광양시,.5kg 단,14,"1,300"
2019-03-02,,인천남촌,㈜대인농산,과일과채류,참외,기타참외,경상북도 칠곡군,10kg 상자,11,"51,500"
2019-03-02,,인천남촌,㈜대인농산,과일과채류,참외,기타참외,경상북도 칠곡군,10kg 상자,4,"52,000"
2019-03-02,,인천남촌,㈜대인농산,과일과채류,참외,기타참외,경상북도 칠곡군,10kg 상자,4,"46,000"
2019-03-02,,인천남촌,㈜대인농산,과일과채류,참외,기타참외,경상북도 칠곡군,10kg 상자,10,"52,000"
2019-03-02,,인천남촌,㈜대인농산,엽경채류,미나리,미나리(일반),전라남도 나주시,4kg 상자,25,"9,100"
2019-03-02,,인천남촌,㈜대인농산,버섯류,팽이버섯,팽이1호,전라남도 나주시,5kg 상자,10,"4,500"
2019-03-02,,인천남촌,㈜대인농산,과일과채류,딸기,설향,경상남도 김해시,1kg PP대,24,"5,500"
2019-03-02,,인천남촌,㈜대인농산,과일과채류,토마토,기타토마토,부산광역시 부산 강서구,2.5kg 상자,2,"12,000"
2019-03-02,,인천남촌,㈜대인농산,과일과채류,토마토,기타토마토,부산광역시 부산 강서구,2.5kg 상자,3,"12,500"
2019-03-02,,인천남촌,㈜대인농산,과일과채류,토마토,기타토마토,부산광역시 부산 강서구,2.5kg 상자,4,"15,000"
2019-03-03,경매가 아직 이루어지지 않았거나 데이터 미전송 상태입니다.,,,,,,,,,
2019-03-04,,인천남촌,㈜대인농산,과채류,호박,단호박(수입),수입산,10kg 상자,6,"14,000"
2019-03-04,,인천남촌,㈜대인농산,과채류,호박,단호박(수입),수입산,10kg 상자,7,"15,000"
2019-03-04,,인천남촌,㈜대인농산,과채류,호박,단호박(수입),수입산,10kg 상자,7,"15,000"
2019-03-04,,인천남촌,㈜대인농산,과채류,호박,단호박(수입),수입산,10kg 상자,6,"15,000"
2019-03-04,,인천남촌,㈜대인농산,과채류,호박,단호박(수입),수입산,10kg 상자,6,"15,000"
2019-03-04,,인천남촌,㈜대인농산,과채류,호박,단호박(수입),수입산,10kg 상자,6,"15,000"
2019-03-04,,인천남촌,㈜대인농산,과채류,호박,단호박(수입),수입산,10kg 상자,14,"15,000"
2019-03-04,,인천남촌,㈜대인농산,과일과채류,딸기,설향,충청남도 공주시,1kg PP대,57,"5,000"
2019-03-04,,인천남촌,㈜대인농산,과일과채류,딸기,설향,충청남도 공주시,1kg PP대,71,"3,500"
2019-03-04,,인천남촌,㈜대인농산,과일과채류,딸기,설향,충청남도 공주시,1kg PP대,63,"2,500"
2019-03-05,,인천남촌,㈜대인농산,서류,감자,기타감자,강원도 횡성군,20kg 상자,8,"22,000"
2019-03-05,,인천남촌,㈜대인농산,서류,감자,기타감자,강원도 횡성군,20kg 상자,17,"15,000"
2019-03-05,,인천남촌,㈜대인농산,서류,감자,기타감자,강원도 횡성군,20kg 상자,12,"11,000"
2019-03-05,,인천남촌,㈜대인농산,서류,감자,기타감자,강원도 횡성군,20kg 상자,5,"21,000"
2019-03-05,,인천남촌,㈜대인농산,서류,감자,기타감자,강원도 횡성군,20kg 상자,5,"18,000"
2019-03-05,,인천남촌,㈜대인농산,서류,감자,기타감자,강원도 횡성군,20kg 상자,3,"14,000"
2019-03-05,,인천남촌,㈜대인농산,서류,감자,기타감자,강원도 횡성군,20kg 상자,2,"9,000"
2019-03-05,,인천남촌,㈜대인농산,서류,감자,기타감자,강원도 횡성군,20kg 상자,1,"3,000"
2019-03-05,,인천남촌,㈜대인농산,서류,감자,기타감자,강원도 횡성군,20kg 상자,3,"24,000"
2019-03-05,,인천남촌,㈜대인농산,서류,감자,기타감자,강원도 횡성군,20kg 상자,8,"22,000"
2019-03-06,,인천남촌,㈜대인농산,버섯류,새송이,새송이버섯(일반),전라남도 나주시,2kg 상자,30,"6,600"
2019-03-06,,인천남촌,㈜대인농산,버섯류,새송이,새송이버섯(일반),전라남도 나주시,2kg 상자,30,"6,600"
2019-03-06,,인천남촌,㈜대인농산,엽경채류,미나리,미나리(일반),전라남도 나주시,4kg 상자,25,"9,600"
2019-03-06,,인천남촌,㈜대인농산,엽경채류,미나리,미나리(일반),전라남도 나주시,4kg 상자,25,"9,600"
2019-03-06,,인천남촌,㈜대인농산,엽경채류,미나리,미나리(일반),전라남도 나주시,4kg 상자,25,"9,700"
2019-03-06,,인천남촌,㈜대인농산,과실류,사과,후지,충청북도 충주시,10kg 상자,5,"10,000"
2019-03-06,,인천남촌,㈜대인농산,과실류,사과,후지,충청북도 충주시,10kg 상자,4,"8,000"
2019-03-06,,인천남촌,㈜대인농산,엽경채류,상추,포기찹,충청남도 논산시,4kg 상자,25,"5,500"
2019-03-06,,인천남촌,㈜대인농산,과실류,사과,기타사과,충청북도 청주시,10kg 상자,7,"19,500"
2019-03-06,,인천남촌,㈜대인농산,과실류,사과,기타사과,충청북도 청주시,10kg 상자,7,"18,000"
2019-03-07,,인천남촌,㈜대인농산,엽경채류,시금치,섬초,서울특별시 서울 강서구,10kg 상자,2,"15,000"
2019-03-07,,인천남촌,㈜대인농산,특용작물류,참깨,참깨(일반),수입산,10kg 상자,1,"55,000"
2019-03-07,,인천남촌,㈜대인농산,농림가공,유지,참기름,수입산,1.8kg 개,10,"22,000"
2019-03-07,,인천남촌,㈜대인농산,과실류,만감,기타만감,제주도 서귀포시,10kg 상자,3,"65,000"
2019-03-07,,인천남촌,㈜대인농산,과실류,감귤,기타감귤,제주도 서귀포시,10kg 상자,3,"46,000"
2019-03-07,,인천남촌,㈜대인농산,과실류,감귤,기타감귤,제주도 서귀포시,10kg 상자,2,"46,000"
2019-03-07,,인천남촌,㈜대인농산,농림가공,곡물제조,두부,수입산,12kg 상자,3,"11,000"
2019-03-07,,인천남촌,㈜대인농산,두류,콩,기타콩,충청남도 공주시,20kg 상자,1,"44,000"
2019-03-07,,인천남촌,㈜대인농산,엽경채류,깻잎,기타깻잎,충청남도 공주시,16kg 상자,1,"42,000"
2019-03-07,,인천남촌,㈜대인농산,농림가공,절임식품,깻잎무침,충청남도 공주시,16kg 상자,1,"43,000"
2019-03-08,경매가 아직 이루어지지 않았거나 데이터 미전송 상태입니다.,,,,,,,,,
2019-03-09,,인천남촌,㈜대인농산,버섯류,표고버섯,표고버섯(일반),전라북도 군산시,8kg 상자,1,"44,000"
2019-03-09,,인천남촌,㈜대인농산,버섯류,표고버섯,표고버섯(일반),전라북도 군산시,8kg 상자,1,"36,000"
2019-03-09,,인천남촌,㈜대인농산,과일과채류,딸기,설향,경상남도 밀양시,1kg PP대,11,"6,500"
2019-03-09,,인천남촌,㈜대인농산,과일과채류,딸기,설향,경상남도 밀양시,1kg PP대,19,"4,500"
2019-03-09,,인천남촌,㈜대인농산,과일과채류,딸기,설향,경상남도 밀양시,1kg PP대,18,"4,000"
2019-03-09,,인천남촌,㈜대인농산,과일과채류,딸기,설향,경상남도 밀양시,1kg PP대,19,"3,500"
2019-03-09,,인천남촌,㈜대인농산,과일과채류,딸기,설향,경상남도 밀양시,1kg PP대,96,"7,000"
2019-03-09,,인천남촌,㈜대인농산,과일과채류,딸기,설향,경상남도 밀양시,1kg PP대,66,"5,500"
2019-03-09,,인천남촌,㈜대인농산,과일과채류,딸기,설향,경상남도 밀양시,1kg PP대,18,"3,500"
2019-03-09,,인천남촌,㈜대인농산,과일과채류,딸기,설향,경상남도 밀양시,1kg PP대,74,"8,000"
2019-03-10,경매가 아직 이루어지지 않았거나 데이터 미전송 상태입니다.,,,,,,,,,
2019-03-11,,인천남촌,㈜대인농산,산채류,새싹,기타새싹,-,50g 개,30,800
2019-03-11,,인천남촌,㈜대인농산,엽경채류,무순,무순(일반),-,50g 개,150,230
2019-03-11,,인천남촌,㈜대인농산,엽경채류,무순,무순(일반),-,150g 개,30,700
2019-03-11,,인천남촌,㈜대인농산,엽경채류,무순,무순(일반),-,500g 개,15,"2,300"
2019-03-11,,인천남촌,㈜대인농산,산채류,새싹,새싹(일반),-,50g 개,50,450
2019-03-11,,인천남촌,㈜대인농산,산채류,새싹,새싹(일반),-,500g 개,10,"3,500"
2019-03-11,,인천남촌,㈜대인농산,산채류,새싹,기타새싹,-,50g 개,30,700
2019-03-11,,인천남촌,㈜대인농산,산채류,새싹,기타새싹,-,250g 개,10,"2,500"
2019-03-11,,인천남촌,㈜대인농산,산채류,새싹,기타새싹,-,500g 개,18,"4,000"
2019-03-11,,인천남촌,㈜대인농산,엽경채류,무순,무순(일반),-,50g 개,50,230
2019-03-12,,인천남촌,㈜대인농산,농림가공,기타식품,기타,인천광역시 계양구,2kg 상자,2,"3,000"
2019-03-12,,인천남촌,㈜대인농산,엽경채류,미나리,미나리(일반),인천광역시 계양구,15kg PP대,1,"50,000"
2019-03-12,,인천남촌,㈜대인농산,조미채소류,홍고추,홍고추(일반),인천광역시 계양구,10kg 상자,2,"50,000"
2019-03-12,,인천남촌,㈜대인농산,농림가공,곡물제조,두부,수입산,3kg 상자,8,"2,500"
2019-03-12,,인천남촌,㈜대인농산,산채류,고사리,기타고사리,수입산,1kg 상자,2,"5,000"
2019-03-12,,인천남촌,㈜대인농산,조미채소류,풋고추,청양,인천광역시 계양구,10kg 상자,3,"50,000"
2019-03-12,,인천남촌,㈜대인농산,농림가공,조미제품,고추가루,충청남도 공주시,3.4kg 상자,1,"80,000"
2019-03-12,,인천남촌,㈜대인농산,조미채소류,대파,대파(일반),인천광역시 남동구,2kg 단,250,"1,500"
2019-03-12,,인천남촌,㈜대인농산,조미채소류,대파,대파(일반),인천광역시 남동구,2kg 단,300,"1,400"
2019-03-12,,인천남촌,㈜대인농산,조미채소류,대파,대파(일반),인천광역시 남동구,2kg 단,120,"2,200"
2019-03-13,,인천남촌,㈜대인농산,산채류,더덕,기타더덕,인천광역시 남동구,20kg 상자,1,"290,000"
2019-03-13,,인천남촌,㈜대인농산,산채류,원추리,원추리(일반),경기도 고양시,2kg 상자,12,"2,500"
2019-03-13,,인천남촌,㈜대인농산,산채류,원추리,원추리(일반),경기도 고양시,2kg 상자,10,"3,700"
2019-03-13,,인천남촌,㈜대인농산,산채류,원추리,원추리(일반),경기도 고양시,2kg 상자,3,"2,500"
2019-03-13,,인천남촌,㈜대인농산,과채류,호박,애호박,충청남도 공주시,8kg 상자,8,"18,500"
2019-03-13,,인천남촌,㈜대인농산,산채류,방풍나물,방풍나물(일반),전라남도 고흥군,4kg 상자,7,"14,000"
2019-03-13,,인천남촌,㈜대인농산,엽경채류,배추,월동배추,대구광역시 대구 북구,10kg 그물망,200,700
2019-03-13,,인천남촌,㈜대인농산,과일과채류,딸기,설향,경상남도 하동군,1kg PP대,52,"5,000"
2019-03-13,,인천남촌,㈜대인농산,과일과채류,딸기,설향,경상남도 하동군,1kg PP대,41,"3,500"
2019-03-13,,인천남촌,㈜대인농산,과일과채류,딸기,설향,경상남도 하동군,1kg PP대,66,"2,500"
2019-03-14,,인천남촌,㈜대인농산,과일과채류,참외,기타참외,경상북도 성주군,10kg 상자,2,"43,500"
2019-03-14,,인천남촌,㈜대인농산,과일과채류,참외,기타참외,경상북도 성주군,10kg 상자,1,"33,000"
2019-03-14,,인천남촌,㈜대인농산,과일과채류,참외,기타참외,경상북도 성주군,10kg 상자,1,"35,000"
2019-03-14,,인천남촌,㈜대인농산,과일과채류,참외,기타참외,경상북도 성주군,10kg 상자,1,"33,500"
2019-03-14,,인천남촌,㈜대인농산,과일과채류,참외,기타참외,경상북도 성주군,10kg 상자,1,"32,500"
2019-03-14,,인천남촌,㈜대인농산,과일과채류,참외,기타참외,경상북도 성주군,10kg 상자,1,"40,000"
2019-03-14,,인천남촌,㈜대인농산,과일과채류,딸기,설향,경상남도 밀양시,1kg PP대,14,"5,500"
2019-03-14,,인천남촌,㈜대인농산,과일과채류,딸기,설향,경상남도 밀양시,1kg PP대,4,"4,000"
2019-03-14,,인천남촌,㈜대인농산,과일과채류,딸기,설향,경상남도 밀양시,1kg PP대,8,"3,000"
2019-03-14,,인천남촌,㈜대인농산,과일과채류,딸기,설향,경상남도 밀양시,1kg PP대,52,"4,500"
2019-03-15,,인천남촌,㈜대인농산,양채류,비타민,비타민(일반),경기도 고양시,2kg 상자,5,"3,100"
2019-03-15,,인천남촌,㈜대인농산,약용작물류,참당귀,참당귀(일반),경기도 고양시,1kg 상자,5,"4,000"
2019-03-15,,인천남촌,㈜대인농산,양채류,파세리(향미나리),파세리(일반),경기도 고양시,4kg 상자,2,"3,000"
2019-03-15,,인천남촌,㈜대인농산,엽경채류,미나리,미나리(일반),경기도 고양시,4kg 상자,28,"8,000"
2019-03-15,,인천남촌,㈜대인농산,엽경채류,쑥갓,쑥갓(일반),경기도 화성시,4kg 상자,50,"2,000"
2019-03-15,,인천남촌,㈜대인농산,엽경채류,숙주나물,숙주나물(일반),수입산,4kg 상자,70,"4,500"
2019-03-15,,인천남촌,㈜대인농산,조미채소류,꽈리고추,꽈리고추(일반),서울특별시 서울 강서구,4kg 상자,15,"16,500"
2019-03-15,,인천남촌,㈜대인농산,조미채소류,꽈리고추,꽈리고추(일반),서울특별시 서울 강서구,4kg 상자,25,"17,000"
2019-03-15,,인천남촌,㈜대인농산,조미채소류,꽈리고추,꽈리고추(일반),서울특별시 서울 강서구,4kg 상자,12,"17,000"
2019-03-15,,인천남촌,㈜대인농산,산채류,취나물,취나물(일반),서울특별시 서울 강서구,4kg 상자,25,"17,000"
2019-03-16,,인천남촌,㈜대인농산,조미채소류,쪽파,깐쪽파,충청남도 공주시,1kg 단,80,"2,200"
2019-03-16,,인천남촌,㈜대인농산,과일과채류,딸기,설향,경상남도 하동군,1kg PP대,30,"7,000"
2019-03-16,,인천남촌,㈜대인농산,과일과채류,딸기,설향,경상남도 하동군,1kg PP대,86,"4,500"
2019-03-16,,인천남촌,㈜대인농산,과일과채류,딸기,설향,경상남도 하동군,1kg PP대,39,"3,500"
2019-03-16,,인천남촌,㈜대인농산,조미채소류,풋고추,기타풋고추,경상남도 밀양시,10kg 상자,17,"35,000"
2019-03-16,,인천남촌,㈜대인농산,조미채소류,풋고추,기타풋고추,경상남도 밀양시,10kg 상자,4,"23,000"
2019-03-16,,인천남촌,㈜대인농산,조미채소류,양파,양파(일반),인천광역시 부평구,20kg 그물망,94,"5,500"
2019-03-16,,인천남촌,㈜대인농산,농림가공,기타식품,기타,수입산,4kg 상자,8,"9,000"
2019-03-16,,인천남촌,㈜대인농산,버섯류,느타리버섯,느타리버섯(일반),충청북도 충주시,2kg 상자,10,"10,500"
2019-03-16,,인천남촌,㈜대인농산,버섯류,느타리버섯,느타리버섯(일반),충청북도 충주시,2kg 상자,7,"6,300"
2019-03-17,경매가 아직 이루어지지 않았거나 데이터 미전송 상태입니다.,,,,,,,,,
2019-03-18,,인천남촌,㈜대인농산,양채류,케일,쌈케일,인천광역시 계양구,2kg 상자,5,"3,000"
2019-03-18,,인천남촌,㈜대인농산,엽경채류,근대,적근대,인천광역시 계양구,2kg 상자,3,"3,000"
2019-03-18,,인천남촌,㈜대인농산,약용작물류,참당귀,참당귀(일반),인천광역시 계양구,2kg 상자,3,"3,000"
2019-03-18,,인천남촌,㈜대인농산,엽경채류,청경채,청경채(일반),인천광역시 계양구,4kg 상자,7,"10,000"
2019-03-18,,인천남촌,㈜대인농산,과채류,호박,단호박(수입),수입산,10kg 상자,6,"12,500"
2019-03-18,,인천남촌,㈜대인농산,과채류,호박,단호박(수입),수입산,10kg 상자,6,"12,500"
2019-03-18,,인천남촌,㈜대인농산,과채류,호박,단호박(수입),수입산,10kg 상자,5,"12,500"
2019-03-18,,인천남촌,㈜대인농산,과채류,호박,단호박(수입),수입산,10kg 상자,6,"12,500"
2019-03-18,,인천남촌,㈜대인농산,과채류,호박,단호박(수입),수입산,10kg 상자,6,"12,500"
2019-03-18,,인천남촌,㈜대인농산,과채류,호박,단호박(수입),수입산,10kg 상자,5,"12,500"
